question,answer,role
"What is LocalCarving?","LocalCarving is a food delivery platform that connects users with local restaurants. It allows users to browse menus, place orders, track deliveries, and leave reviews. Restaurant owners can manage their restaurants, menus, and orders through the platform. LocalCarving focuses on supporting local businesses and providing a seamless food ordering experience.",user
"How does LocalCarving work?","LocalCarving works by connecting customers with local restaurants through our platform. Users can browse restaurants by cuisine, rating, or location, view menus, place orders, and track deliveries in real-time. Restaurant owners can manage their menus, accept orders, and communicate with customers. LocalCarving handles the payment processing and delivery coordination, making it easy for both customers and restaurants.",user
"Tell me about LocalCarving's services","LocalCarving offers a comprehensive food delivery service that includes restaurant discovery, online ordering, real-time delivery tracking, and review systems. For customers, we provide a user-friendly interface to browse restaurants, customize orders, and track deliveries. For restaurant owners, we offer tools to manage menus, process orders, and engage with customers. LocalCarving also provides analytics for restaurants to understand customer preferences and optimize their offerings.",user
"What makes LocalCarving different from other food delivery apps?","LocalCarving stands out from other food delivery apps by focusing exclusively on local restaurants rather than large chains. We prioritize supporting small businesses in your community. Our platform offers personalized recommendations based on your preferences, real-time order tracking, and a seamless ordering experience. LocalCarving also provides restaurant owners with powerful tools to manage their online presence and engage with customers directly.",user
"How long has LocalCarving been operating?","LocalCarving was founded in 2020 with the mission of supporting local restaurants during challenging times. Since then, we've grown to serve multiple cities and have helped thousands of local restaurants reach new customers. Our platform continues to evolve with new features based on user feedback and changing market needs.",user
"What types of cuisine are available on LocalCarving?","LocalCarving offers a diverse range of cuisines from local restaurants. You can find everything from Italian, Mexican, and Chinese to Thai, Indian, and American cuisine. We also feature specialty restaurants offering vegan, vegetarian, gluten-free, and other dietary-specific options. Each restaurant's page clearly indicates the type of cuisine and any dietary accommodations they provide.",user
"Do you have any vegetarian restaurants?","Yes, LocalCarving features several vegetarian restaurants. You can easily find them by using the 'Dietary Preferences' filter on our restaurant search page and selecting 'Vegetarian'. Additionally, many non-vegetarian restaurants on LocalCarving offer vegetarian options that are clearly marked on their menus. You can also use the search function to look for specific vegetarian dishes across all restaurants.",user
"Are there vegan options available?","Absolutely! LocalCarving offers numerous vegan options. You can find dedicated vegan restaurants by using the 'Dietary Preferences' filter and selecting 'Vegan'. Many regular restaurants on our platform also offer vegan dishes that are clearly marked on their menus. You can use the search function to find specific vegan items across all restaurants on LocalCarving.",user
"Do you offer gluten-free food options?","Yes, LocalCarving provides many gluten-free options. You can find restaurants that specialize in gluten-free cuisine by using the 'Dietary Preferences' filter and selecting 'Gluten-Free'. Additionally, many restaurants on LocalCarving clearly mark gluten-free items on their menus. You can also use the search function to find specific gluten-free dishes across all restaurants.",user
"What's the best restaurant for Italian food?","LocalCarving features several excellent Italian restaurants. The 'best' one depends on your specific preferences, but you can find highly-rated Italian restaurants by using our search filters. Sort by rating to see the top-rated Italian restaurants in your area. Each restaurant's page shows customer reviews, photos of dishes, and menu items to help you make the best choice for your Italian food craving.",user
"How many restaurants are on LocalCarving?","LocalCarving currently features hundreds of local restaurants across multiple cities. The exact number varies by location, but we're constantly adding new restaurants to our platform. You can see the total number of restaurants available in your area by visiting the Restaurants page on LocalCarving. We're proud to support a growing network of local food establishments.",user
"How do restaurants get listed on LocalCarving?","Restaurants can get listed on LocalCarving by applying through our website. Restaurant owners need to create an account, provide basic information about their establishment, and submit required documentation. The LocalCarving team reviews each application to ensure quality and authenticity. Once approved, restaurants can set up their profile, upload menus, and start accepting orders through our platform.",user
"What criteria do restaurants need to meet to join LocalCarving?","To join LocalCarving, restaurants must meet several criteria: they must be a legitimate food establishment with proper licensing, have a physical location, be able to fulfill delivery orders, and maintain food safety standards. Restaurants must also agree to our terms of service, which include timely order processing, accurate menu information, and quality food preparation. The LocalCarving team verifies these criteria during the application process.",user
"How are restaurants rated on LocalCarving?","Restaurants on LocalCarving are rated based on customer reviews and feedback. After each order, customers can rate their experience on a scale of 1-5 stars and leave detailed reviews. These ratings consider factors like food quality, delivery time, packaging, and overall experience. The average rating is displayed prominently on each restaurant's page, and customers can filter restaurants by rating when searching.",user
"Can I see restaurant menus before ordering?","Yes, you can view complete restaurant menus on LocalCarving before placing an order. Each restaurant's page displays their full menu with items, descriptions, prices, and photos. You can browse through categories like appetizers, main courses, desserts, and beverages. This allows you to explore options and decide what you'd like to order before adding items to your cart.",user
"How do I place an order on LocalCarving?","To place an order on LocalCarving, follow these steps: 1) Browse restaurants and select one you like, 2) View their menu and add items to your cart, 3) Customize your order with any special instructions, 4) Review your cart and proceed to checkout, 5) Select your delivery address and payment method, 6) Confirm your order. You'll receive an order confirmation and can track your delivery in real-time through the 'My Orders' section.",user
"Can I customize my order?","Yes, LocalCarving allows you to customize your orders in several ways. When adding items to your cart, you can specify cooking preferences (like 'well-done' or 'rare'), add or remove ingredients, request special packaging, and include notes for the restaurant. For example, you can ask for 'no onions' or 'extra sauce'. These customizations help ensure your order is prepared exactly how you like it.",user
"How do I add special instructions to my order?","You can add special instructions to your order on LocalCarving in two ways: 1) When adding individual items to your cart, use the 'Special Instructions' field to specify how you want that particular item prepared, or 2) At checkout, use the 'Order Notes' field to provide instructions that apply to your entire order. These instructions will be clearly communicated to the restaurant preparing your food.",user
"Can I schedule orders for later?","Yes, LocalCarving allows you to schedule orders for future delivery. When checking out, you'll see a 'Schedule Delivery' option where you can select a preferred delivery date and time. This is perfect for planning meals in advance or ordering food for events. Scheduled orders are processed at the appropriate time, and you'll receive notifications when your order is being prepared and when it's on the way.",user
"How do I add items to my cart?","To add items to your cart on LocalCarving, browse a restaurant's menu and click on the items you want to order. You can adjust the quantity using the '+' and '-' buttons. If the item has customization options, you can specify your preferences before adding it to your cart. Your cart is saved as you browse, and you can view or modify it at any time by clicking the cart icon in the top right corner of the screen.",user
"How do I add my restaurant to LocalCarving?","As a restaurant owner, you can add your restaurant to LocalCarving by going to your dashboard and clicking on 'Add Restaurant'. You'll need to provide basic information like your restaurant's name, address, cuisine type, and operating hours. You'll also need to upload photos of your restaurant and menu items. Once submitted, the LocalCarving team will review your application and get back to you within 2-3 business days. After approval, you can start managing your menu and accepting orders.",owner
"What documents do I need to register my restaurant?","To register your restaurant on LocalCarving, you'll need to provide several documents: 1) Business license or permit, 2) Food service establishment permit, 3) Tax identification number, 4) Proof of business address, 5) Bank account information for payments, and 6) Menu with prices. These documents help us verify your restaurant's legitimacy and ensure smooth operations on our platform. All documents are securely stored and used only for verification purposes.",owner
"How long does it take to get approved?","The approval process for restaurants on LocalCarving typically takes 2-3 business days. During this time, our team reviews your application, verifies your documents, and checks your restaurant's eligibility. If all requirements are met, you'll receive an approval email with instructions on how to set up your restaurant profile and start accepting orders. In some cases, we may need additional information, which could extend the approval timeline.",owner
"Can I manage multiple restaurants?","Yes, LocalCarving allows you to manage multiple restaurants from a single account. In your dashboard, you'll see a 'My Restaurants' section where you can switch between different establishments. Each restaurant has its own profile, menu, orders, and analytics. This makes it easy to oversee all your locations while maintaining separate operations for each restaurant.",owner
"How do I update my restaurant information?","You can update your restaurant information on LocalCarving through your dashboard. Go to the 'Restaurant Profile' section and click on 'Edit'. There you can modify your restaurant's name, description, address, contact information, operating hours, and cuisine type. You can also update your restaurant's photos and logo. Changes are typically reflected on the platform within 24 hours after submission.",owner
"How do I add items to my menu?","To add items to your menu on LocalCarving, go to your dashboard and navigate to the 'Menu Management' section. Click on 'Add New Item' and fill in the details including name, description, price, category, and any customization options. You can also upload photos of the dish. Once saved, the item will appear on your restaurant's menu for customers to order. You can organize items into categories like appetizers, main courses, desserts, etc.",owner
"Can I categorize menu items?","Yes, LocalCarving allows you to categorize your menu items for better organization. In the 'Menu Management' section of your dashboard, you can create categories like 'Appetizers', 'Main Courses', 'Desserts', 'Beverages', etc. When adding or editing menu items, you can assign them to these categories. This organization makes it easier for customers to browse your menu and find what they're looking for.",owner
"How do I update prices?","You can update prices on LocalCarving through the 'Menu Management' section of your dashboard. Find the item you want to modify, click on 'Edit', and change the price. You can update prices individually or use the bulk edit feature to modify multiple items at once. Price changes are typically reflected on the platform within a few hours. You can also set up special pricing for specific times or days.",owner
"Can I mark items as out of stock?","Yes, LocalCarving allows you to mark items as out of stock. In the 'Menu Management' section of your dashboard, find the item you want to mark as unavailable, and toggle the 'Available' switch to off. This will immediately remove the item from your active menu so customers can't order it. When the item is back in stock, simply toggle the switch back on to make it available again.",owner
"How do I add special offers?","You can add special offers on LocalCarving through the 'Promotions' section of your dashboard. Click on 'Create New Promotion' and specify the details including offer type (percentage off, fixed amount off, buy-one-get-one, etc.), eligible items or categories, validity period, and any terms and conditions. Once activated, these offers will appear on your restaurant's page and can help attract more customers.",owner
"How do I receive orders on LocalCarving?","When you receive an order on LocalCarving, you'll get an immediate notification through the platform and via email. The order will appear in the 'Orders' section of your dashboard, showing all details including items, quantities, special instructions, and customer information. You can accept or reject the order, and once accepted, you can update its status (preparing, ready for pickup, delivered) as it progresses.",owner
"Can I set minimum order amounts?","Yes, LocalCarving allows you to set minimum order amounts for your restaurant. In the 'Restaurant Settings' section of your dashboard, you can specify a minimum order value that customers must meet before they can place an order. This helps ensure that orders are profitable for your business. You can also set different minimum amounts for different delivery zones or times of day.",owner
"How do I accept or reject orders?","When you receive an order on LocalCarving, you'll see it in the 'Orders' section of your dashboard. You can accept the order by clicking the 'Accept' button, which will notify the customer that their order is being prepared. If you need to reject an order (due to being closed, out of ingredients, etc.), click the 'Reject' button and provide a reason. The customer will be notified of the rejection and can place a new order if desired.",owner
"Can I modify an order after accepting it?","Yes, you can modify an order on LocalCarving after accepting it, but it's best to communicate with the customer first. In the 'Orders' section, find the order you want to modify and click on 'Contact Customer'. Explain the situation (e.g., an item is out of stock) and suggest alternatives. If the customer agrees to the changes, you can update the order details. If they prefer to cancel, you can process a refund through the platform.",owner
"How do I mark orders as ready for pickup?","To mark an order as ready for pickup on LocalCarving, go to the 'Orders' section of your dashboard, find the order, and click on 'Update Status'. Select 'Ready for Pickup' from the dropdown menu. This will notify the delivery driver that the order is ready to be collected. You can also add notes for the driver if needed, such as where to pick up the order or any special handling instructions.",owner
"What analytics does LocalCarving provide?","LocalCarving provides comprehensive analytics for restaurant owners through the 'Analytics' section of your dashboard. These insights include sales data (daily, weekly, monthly), popular items, peak ordering times, customer demographics, order patterns, and revenue trends. You can also view customer feedback and ratings. These analytics help you make data-driven decisions to optimize your menu, pricing, and operations.",owner
"How can I track my restaurant's performance?","You can track your restaurant's performance on LocalCarving through the 'Analytics' dashboard. This section provides detailed reports on key metrics including total orders, revenue, average order value, popular items, customer ratings, and order completion times. You can view these metrics for different time periods (daily, weekly, monthly) and compare performance across different timeframes. This data helps you identify trends and make informed business decisions.",owner
"Can I see customer demographics?","Yes, LocalCarving provides customer demographic data in the 'Analytics' section of your dashboard. This information includes age ranges, locations, ordering patterns, and preferences of your customers. This demographic data helps you understand your customer base better and tailor your menu and marketing efforts accordingly. The data is presented in easy-to-understand charts and graphs for quick analysis.",owner
"How do I view my sales reports?","You can view your sales reports on LocalCarving through the 'Analytics' section of your dashboard. These reports include detailed information about your revenue, including total sales, average order value, sales by item category, and sales trends over time. You can filter the data by date range, export reports as CSV files, and view visual representations of your sales data through charts and graphs.",owner
"Can I export my data?","Yes, LocalCarving allows you to export your data for further analysis. In the 'Analytics' section of your dashboard, you'll find export options for various types of data including sales reports, order history, customer information, and menu performance. You can export this data in CSV format, which can be opened in spreadsheet applications like Excel or Google Sheets for custom analysis and reporting.",owner 